Stone_NO,Shape,Weight,Color,Clarity,Cut,Polish,Symm,FlrIntens,FlrColor,FColor,FCIntens,FCOverton,Measurement,Diameter_Min,Diameter_Max,Total_Depth,Lab,LabLocation,Lab_Report_No,LabLink,Lab_Report_Date,Laser_Inscription,Treatment,Location,Total_Depth_Per,Table_Diameter_Per,GirdleName,GirdleThin_ID,GirdleThick_ID,Girdle_Per,GirdleCon,CuletSize,CuletCon,CrownHeight,CrownAngle,PavillionHeight,PavillionAngle,PairStock_No,Parcels_Stone,Comment,KeyToSymbols,Shade,StarLength,LowerHalve,Table_Inclusion,Black_Inclusion,Side_Inclusion,Open_Inclusion,Brand,HnA,Ratio,Eyeclean,Tinge,Feather_Inclusion,Milkey,Luster,Internal_Graining,Surface_Graining,Natural_Type,ExtraFacet,Fancy_Color_Description,Stone_Comment,NewArrival,StockStatus,Is_VedioExist,Is_imgExist,Is_CertyExist,Certificate_file_url,Stone_Img_url,Video_url,Lab_Report_Comment,Remarks,Control_No,LiveRAP,SaleDis,SaleRate,SaleAmt,BIS,BIC,WIS,WIC,CVD_HPHT
KG-28953,ROUND,0.360,K,SI2,EX,EX,EX,NON,,,,,4.51 - 4.53 * 2.85,4.51,4.53,2.85,GIA,HONGKONG,1368227110,https://www.gia.edu/report-check?reportno=1368227110,,GIA 1368227110,,HK,63.10,56.00,MED,MED,,3.50,FACETED,NONE,,16.00,36.50,43.50,41.00,,,,Crystal,N,50.00,80.00,,HEAVY BLACK,,,,,0,EC,NO BGM,TC,N,,,,,,,NO BGM  100% EYE CLEAN  Wechat: Diam0070  Contact Mr. Rakesh sutariya Whats App. +852 6660 4203  Miss. Ramiya Khunt - Whats app. +852 6660 4193  Wechat: diam0071,23/10/2020,ONMEMO,NO,YES,NO,,https://pdhk.blob.core.windows.net/pdhk/www/viewer3/RealImages/KG-28953.jpg,,,,100542236718,900.0,-27.0,657.0,236.52,,,,,
KG-47358,ROUND,0.310,G,SI1,EX,EX,EX,FNT,,,,,4.33 - 4.35 * 2.69,4.33,4.35,2.69,GIA,HONGKONG,6382812908,https://www.gia.edu/report-check?reportno=6382812908,,GIA 6382812908,,HK,62.10,59.00,MED to STK,MED,STK,4.00,FACETED,NONE,,14.00,34.50,44.00,41.60,,,,Cloud,,50.00,80.00,SB0,TB0,SF0,SC0,,,0,,,TF0,,,,,,,,SLIGHT MILKY  100% EYE CLEAN  Wechat: Diam0070  Contact Mr. Rakesh sutariya Whats App. +852 6660 4203  Miss. Ramiya Khunt - Whats app. +852 6660 4193  Wechat: diam0071,07/06/2021,AVAILABLE,YES,YES,NO,,https://pdhk.blob.core.windows.net/pdhk/www/viewer3/RealImages/KG-47358.jpg,https://pdhk.blob.core.windows.net/pdhk/www/viewer3/Vision360.html?d=KG-47358,,,441,1600.0,-28.75,1140.0,353.4,,,,,
KG-48213,ROUND,0.300,D,SI1,EX,EX,VG,NON,,,,,4.25 - 4.28 * 2.66,4.25,4.28,2.66,GIA,HONGKONG,1383814575,https://www.gia.edu/report-check?reportno=1383814575,,GIA 1383814575,,HK,62.30,56.00,STK,STK,,4.00,FACETED,NONE,,15.50,35.00,42.50,40.60,,,,Crystal,,50.00,80.00,SB0,TB2,SF0,SC0,,,0,,,TF0,,,,,,,,NO BGM  100% EYE CLEAN  Wechat: Diam0070  Contact Mr. Rakesh sutariya Whats App. +852 6660 4203  Miss. Ramiya Khunt - Whats app. +852 6660 4193  Wechat: diam0071,07/06/2021,AVAILABLE,NO,YES,NO,,https://pdhk.blob.core.windows.net/pdhk/www/viewer3/RealImages/KG-48213.jpg,,,DL,477,1900.0,-37.0,1197.0,359.1,,,,,
KG-48983,ROUND,0.700,I,SI1,EX,EX,EX,FNT,,,,,5.63 - 5.67 * 3.55,5.63,5.67,3.55,GIA,HONGKONG,6395012615,https://www.gia.edu/report-check?reportno=6395012615,,GIA 6395012615,,HK,62.90,57.00,MED to STK,MED,STK,4.00,FACETED,NONE,,15.00,34.50,44.00,41.60,,,,Twinning Wisp,,50.00,80.00,SB0,TB0,SF0,SC1,,,0,,,TF0,,,,,,,,NO BGM  100% EYE CLEAN ,28/06/2021,AVAILABLE,NO,YES,NO,,https://pdhk.blob.core.windows.net/pdhk/www/viewer3/RealImages/KG-48983.jpg,,,,329,2600.0,-33.08,1739.91,1217.94,,,,,
KG-49699,ROUND,0.720,J,SI2,EX,EX,EX,NON,,,,,5.74 - 5.75 * 3.55,5.74,5.75,3.55,GIA,HONGKONG,3395013374,https://www.gia.edu/report-check?reportno=3395013374,,GIA 3395013374,,HK,61.80,59.00,MED to STK,MED,STK,4.00,FACETED,NONE,,14.50,35.50,43.50,41.00,,,,Crystal,,50.00,80.00,SB0,TB0,SF0,SC0,,,0,,,TF1,,,,,,,,MIX TINGE  100% EYE CLEAN,28/06/2021,AVAILABLE,NO,YES,NO,,https://pdhk.blob.core.windows.net/pdhk/www/viewer3/RealImages/KG-49699.jpg,,,,540,2000.0,-29.85,1403.0,1010.16,,,,,
KG-50789,ROUND,0.400,H,VS1,EX,EX,VG,NON,,,,,4.74 - 4.77 * 2.89,4.74,4.77,2.89,GIA,HONGKONG,1398179190,https://www.gia.edu/report-check?reportno=1398179190,,GIA 1398179190,,HK,60.80,60.00,MED to STK,MED,STK,4.00,FACETED,NONE,,12.50,32.50,44.00,41.60,,,NO BGM  100% EYE CLEAN  Wechat: Diam0070  Contact Mr. Rakesh Chheta Whats App. +852 66926785,Cavity  Feather  Needle  Pinpoint,,50.00,75.00,SB0,TB0,SF0,SC0,,,0,,,TF0,,,,,,,,NO BGM  100% EYE CLEAN  Wechat: Diam0070  Contact Mr. Rakesh sutariya Whats App. +852 6660 4203  Miss. Ramiya Khunt - Whats app. +852 6660 4193  Wechat: diam0071,13/07/2021,AVAILABLE,NO,YES,NO,,https://pdhk.blob.core.windows.net/pdhk/www/viewer3/RealImages/KG-50789.jpg,,,DL,420,2400.0,-36.0,1536.0,614.4,,,,,
KG-56315,ROUND,0.300,I,SI2,EX,EX,EX,NON,,,,,4.24 - 4.27 * 2.68,4.24,4.27,2.68,GIA,HONGKONG,7392758028,https://www.gia.edu/report-check?reportno=7392758028,,GIA 7392758028,,HK,63.00,56.00,MED to STK,MED,STK,3.50,FACETED,NONE,,16.00,36.50,43.00,40.80,,,,Feather  Crystal,,50.00,80.00,SB0,TB1,SF1,SC0,,,1.01,,,TF1,,,,,,,,MIX TINGE  100% EYE CLEAN,06/09/2021,AVAILABLE,YES,YES,NO,,https://pdhk.blob.core.windows.net/pdhk/www/viewer3/RealImages/KG-56315.jpg,https://pdhk.blob.core.windows.net/pdhk/www/viewer3/Vision360.html?d=KG-56315,,,124,1200.0,-32.0,816.0,244.8,,,,,
KG-57179,ROUND,0.300,I,VS1,VG,EX,VG,NON,,,,,4.16 - 4.21 * 2.66,4.16,4.21,2.66,GIA,HONGKONG,1399745599,https://www.gia.edu/report-check?reportno=1399745599,,GIA 1399745599,,HK,63.70,58.00,STK to THK,STK,THK,5.50,FACETED,NONE,,16.00,37.00,42.50,40.40,,,,Feather  Indented Natural  Pinpoint,,50.00,80.00,SB0,TB0,SF0,SC0,,,1.01,,,TF1,,,,,,,,NO BGM  100% EYE CLEAN  Wechat: Diam0070  Contact Mr. Rakesh sutariya Whats App. +852 6660 4203  Miss. Ramiya Khunt - Whats app. +852 6660 4193  Wechat: diam0071,06/09/2021,AVAILABLE,NO,YES,NO,,https://pdhk.blob.core.windows.net/pdhk/www/viewer3/RealImages/KG-57179.jpg,,,DL,272,1700.0,-43.5,960.5,288.15,,,,,
KG-67621,ROUND,0.310,I,VS2,EX,EX,EX,NON,,,,,4.37 - 4.38 * 2.70,4.37,4.38,2.70,GIA,HONGKONG,6415222517,https://www.gia.edu/report-check?reportno=6415222517,,GIA 6415222517,,HK,61.80,58.00,MED to STK,MED,STK,3.50,FACETED,NONE,,15.00,35.50,43.00,40.80,,,,Cloud,,45.00,80.00,SB0,TB0,SF0,SC0,,,0.997717,,,TF0,,,,,,,,SLIGHT MILKY  100% EYE CLEAN  Wechat: Diam0070  Contact Mr. Rakesh sutariya Whats App. +852 6660 4203  Miss. Ramiya Khunt - Whats app. +852 6660 4193  Wechat: diam0071,08/12/2021,AVAILABLE,YES,YES,NO,,https://pdhk.blob.core.windows.net/pdhk/www/viewer3/RealImages/KG-67621.jpg,https://pdhk.blob.core.windows.net/pdhk/www/viewer3/Vision360.html?d=KG-67621,,,287,1600.0,-41.0,944.0,292.64,,,,,
KG-66688,ROUND,0.300,I,SI2,EX,EX,EX,NON,,,,,4.26 - 4.29 * 2.64,4.26,4.29,2.64,GIA,HONGKONG,7416237267,https://www.gia.edu/report-check?reportno=7416237267,,GIA 7416237267,,HK,61.70,60.00,STK,STK,,4.00,FACETED,NONE,,14.50,35.50,43.50,41.00,,,,Feather,,50.00,80.00,SB0,TB1,SF0,SC0,,,0.993007,,,TF1,,,,,,,,MIX TINGE  100% EYE CLEAN,08/12/2021,AVAILABLE,YES,YES,NO,,https://pdhk.blob.core.windows.net/pdhk/www/viewer3/RealImages/KG-66688.jpg,https://pdhk.blob.core.windows.net/pdhk/www/viewer3/Vision360.html?d=KG-66688,,DL,9,1200.0,-46.0,648.0,194.4,,,,,
KG-66972,ROUND,0.400,J,SI2,EX,EX,EX,FNT,,,,,4.71 - 4.72 * 2.92,4.71,4.72,2.92,GIA,HONGKONG,6415228219,https://www.gia.edu/report-check?reportno=6415228219,,GIA 6415228219,,HK,61.90,59.00,THN to STK,THN,STK,4.00,FACETED,NONE,,14.50,35.00,43.50,41.20,,,,Feather,,45.00,80.00,SB0,TB1,SF0,SC1,,,0.997881,,,TF1,,,,,,,,NO BGM  100% EYE CLEAN ,08/12/2021,AVAILABLE,YES,YES,NO,,https://pdhk.blob.core.windows.net/pdhk/www/viewer3/RealImages/KG-66972.jpg,https://pdhk.blob.core.windows.net/pdhk/www/viewer3/Vision360.html?d=KG-66972,,DL,112,1300.0,-39.69,784.02,313.61,,,,,
KG-70841,ROUND,0.340,H,SI1,EX,EX,EX,FNT,,,,,4.42 - 4.44 * 2.79,4.42,4.44,2.79,GIA,HONGKONG,2417419754,https://www.gia.edu/report-check?reportno=2417419754,,GIA 2417419754,,HK,63.00,55.00,MED to STK,MED,STK,3.50,FACETED,NONE,,16.50,36.50,42.50,40.60,,,,Crystal  Feather,,45.00,75.00,SB1,TB1,SF1,SC0,,,0.995495,,,TF1,,,,,,,,NO BGM  100% EYE CLEAN ,04/01/2022,AVAILABLE,YES,YES,NO,,https://pdhk.blob.core.windows.net/pdhk/www/viewer3/RealImages/KG-70841.jpg,https://pdhk.blob.core.windows.net/pdhk/www/viewer3/Vision360.html?d=KG-70841,,DL,332,1500.0,-43.0,855.0,290.7,,,,,
KG-71290,ROUND,0.700,K,VS1,EX,EX,EX,NON,,,,,5.63 - 5.67 * 3.56,5.63,5.67,3.56,GIA,HONGKONG,7411408544,https://www.gia.edu/report-check?reportno=7411408544,,GIA 7411408544,,HK,62.90,55.00,STK,STK,,4.00,FACETED,NONE,,16.00,35.50,42.50,40.60,,,,Crystal  Feather  Pinpoint  Needle,,45.00,80.00,SB0,TB1,SF0,SC0,,,0.992945,,,TF0,,,,,,,,NO BGM  100% EYE CLEAN ,04/01/2022,AVAILABLE,YES,YES,NO,,https://pdhk.blob.core.windows.net/pdhk/www/viewer3/RealImages/KG-71290.jpg,https://pdhk.blob.core.windows.net/pdhk/www/viewer3/Vision360.html?d=KG-71290,,DL,600,2500.0,-31.36,1716.0,1201.2,,,,,
KG-65671,ROUND,0.350,J,SI2,EX,EX,EX,FNT,,,,,4.52 - 4.49 * 2.83,4.52,4.49,2.83,GIA,,6401804606,https://www.gia.edu/report-check?reportno=6401804606,,,,HK,62.80,57.00,,,,0.04,FACETED,NONE,,16.00,36.50,43.50,41.00,,,,Crystal,,,,SB0,TB2,SF0,SC0,,,1.01,,,TF0,,,,,,,  ,NO BGM  100% EYE CLEAN ,26/03/2022,ONHOLD,NO,NO,NO,,,,,DL,,1100.0,-40.0,660.0,231.0,,,,,
KG-69503,ROUND,0.340,J,SI1,EX,EX,EX,NON,,,,,4.47 - 4.45 * 2.79,4.47,4.45,2.79,GIA,,6412407793,https://www.gia.edu/report-check?reportno=6412407793,,,,HK,62.60,55.00,,,,,,,,15.50,35.00,43.00,40.80,,,,,,,,SB2,TB2,SF1,SC0,,,1,,,TF0,,,,,,,  ,NO BGM  100% EYE CLEAN ,26/03/2022,AVAILABLE,NO,NO,NO,,,,,,,1300.0,-42.5,747.5,254.15,,,,,
KG-79815,ROUND,0.500,H,SI1,EX,EX,EX,NON,,,,,5.10 - 5.12 * 3.15,5.10,5.12,3.15,GIA,,6224521670,https://www.gia.edu/report-check?reportno=6224521670,,,,HK,61.60,58.00,MED to STK,MED,STK,4.00,FACETED,NONE,,13.50,32.50,44.50,41.60,,,,Crystal  Feather,,,,SB0,TB2,SF2,SC0,,,1,,,TF2,,,,,,,  ,NO BGM  100% EYE CLEAN,13/09/2022,AVAILABLE,YES,YES,NO,,https://pdhk.blob.core.windows.net/pdhk/www/viewer3/RealImages/KG-79815.jpg,https://pdhk.blob.core.windows.net/pdhk/www/viewer3/Vision360.html?d=KG-79815,,,,2300.0,-43.0,1311.0,655.5,,,,,
KG-79881,ROUND,0.300,G,SI1,EX,EX,EX,NON,,,,,4.28 - 4.31 * 2.67,4.28,4.31,2.67,GIA,,2225520420,https://www.gia.edu/report-check?reportno=2225520420,,,,HK,62.20,58.00,MED to STK,MED,STK,4.00,FACETED,NONE,,14.00,33.00,44.50,41.80,,,,Crystal  Cloud,,,,SB1,TB1,SF0,SC0,,,0.99,,,TF1,,,,,,,  ,LIGHT BROWN  100% EYE CLEAN  Wechat: Diam0070  Contact Mr. Rakesh sutariya Whats App. +852 6660 4203  Miss. Ramiya Khunt - Whats app. +852 6660 4193  Wechat: diam0071,13/09/2022,AVAILABLE,YES,YES,NO,,https://pdhk.blob.core.windows.net/pdhk/www/viewer3/RealImages/KG-79881.jpg,https://pdhk.blob.core.windows.net/pdhk/www/viewer3/Vision360.html?d=KG-79881,,,,1600.0,-39.0,976.0,292.8,,,,,
KG-82012,ROUND,0.300,J,SI1,EX,VG,EX,NON,,,,,4.27 - 4.29 * 2.68,4.27,4.29,2.68,GIA,,2221615027,https://www.gia.edu/report-check?reportno=2221615027,,,,HK,62.70,56.00,MED to STK,MED,STK,3.50,FACETED,NONE,,16.00,36.50,43.00,40.80,,,,Crystal  Cloud  Feather,,,,SB0,TB2,SF1,SC0,,,1,,,TF0,,,,,,,  ,,15/11/2022,ONHOLD,YES,YES,NO,,https://pdhk.blob.core.windows.net/pdhk/www/viewer3/RealImages/KG-82012.jpg,https://pdhk.blob.core.windows.net/pdhk/www/viewer3/Vision360.html?d=KG-82012,,,,1300.0,-43.0,741.0,222.3,,,,,
KG-82089,ROUND,0.500,J,VS2,EX,EX,EX,FNT,,,,,5.04 - 5.08 * 3.19,5.04,5.08,3.19,GIA,,6223615479,https://www.gia.edu/report-check?reportno=6223615479,,,,HK,63.00,56.00,MED,MED,,3.50,FACETED,NONE,,16.00,35.50,43.50,41.20,,,,Feather  Indented Natural,,,,SB0,TB0,SF1,SC0,,,0.99,,,TF0,,,,,,,  ,NO BGM  100% EYE CLEAN  Wechat: Diam0070  Contact Mr. Rakesh sutariya Whats App. +852 6660 4203  Miss. Ramiya Khunt - Whats app. +852 6660 4193  Wechat: diam0071,07/12/2022,ONMEMO,YES,YES,NO,,https://pdhk.blob.core.windows.net/pdhk/www/viewer3/RealImages/KG-82089.jpg,https://pdhk.blob.core.windows.net/pdhk/www/viewer3/Vision360.html?d=KG-82089,,,,2000.0,-41.2,1176.0,588.0,,,,,
KG-83233,ROUND,0.500,I,SI1,EX,EX,EX,NON,,,,,5.07 - 5.09 * 3.20,5.07,5.09,3.20,GIA,,2225699090,https://www.gia.edu/report-check?reportno=2225699090,,,,HK,63.10,57.00,MED to STK,MED,STK,4.00,FACETED,NONE,,14.50,34.00,44.50,41.80,,,,Feather  Crystal,,,,SB1,TB1,SF2,SC0,,,1,,,TF0,,,,,,,  ,NO BGM  100% EYE CLEAN  Wechat: Diam0070  Contact Mr. Rakesh sutariya Whats App. +852 6660 4203  Miss. Ramiya Khunt - Whats app. +852 6660 4193  Wechat: diam0071,13/02/2023,ONMEMO,YES,YES,NO,,https://pdhk.blob.core.windows.net/pdhk/www/viewer3/RealImages/KG-83233.jpg,https://pdhk.blob.core.windows.net/pdhk/www/viewer3/Vision360.html?d=KG-83233,,,,2000.0,-35.95,1281.0,640.5,,,,,
KG-83322,ROUND,0.500,I,SI1,EX,EX,EX,NON,,,,,5.04 - 5.07 * 3.17,5.04,5.07,3.17,GIA,,5222641565,https://www.gia.edu/report-check?reportno=5222641565,,,,HK,62.70,57.00,MED to STK,MED,STK,4.00,FACETED,NONE,,15.50,35.50,43.00,41.00,,,,Crystal  Feather,,,,SB2,TB1,SF1,SC0,,,0.99,,,TF0,,,,,,,  ,NO BGM  100% EYE CLEAN  Wechat: Diam0070  Contact Mr. Rakesh sutariya Whats App. +852 6660 4203  Miss. Ramiya Khunt - Whats app. +852 6660 4193  Wechat: diam0071,13/02/2023,ONMEMO,YES,YES,NO,,https://pdhk.blob.core.windows.net/pdhk/www/viewer3/RealImages/KG-83322.jpg,https://pdhk.blob.core.windows.net/pdhk/www/viewer3/Vision360.html?d=KG-83322,,,,2000.0,-35.95,1281.0,640.5,,,,,
KG-84703,ROUND,0.400,J,SI1,EX,EX,EX,FNT,,,,,4.74 - 4.75 * 2.93,4.74,4.75,2.93,GIA,,1458498027,https://www.gia.edu/report-check?reportno=1458498027,,,,HK,61.90,60.00,MED to STK,MED,STK,4.00,FACETED,NONE,,13.50,33.50,44.50,41.80,,,,Feather,,,,SB0,TB2,SF2,SC0,,,1,,,TF2,,,,,,,  ,NO BGM 100% EYECLEAN,13/02/2023,AVAILABLE,YES,YES,NO,,https://pdhk.blob.core.windows.net/pdhk/www/viewer3/RealImages/KG-84703.jpg,https://pdhk.blob.core.windows.net/pdhk/www/viewer3/Vision360.html?d=KG-84703,,,,1500.0,-38.13,928.05,371.22,,,,,
KG-81673,ROUND,0.300,K,SI1,EX,EX,EX,FNT,,,,,4.30 - 4.33 * 2.64,4.30,4.33,2.64,GIA,,2223607466,https://www.gia.edu/report-check?reportno=2223607466,,,,HK,61.30,60.00,MED to STK,MED,STK,4.00,FACETED,NONE,,13.50,33.50,44.00,41.40,,,,Crystal  Feather,,,,SB0,TB2,SF1,SC0,,,0.99,,,TF0,,,,,,,  ,,27/02/2023,ONHOLD,YES,YES,NO,,https://pdhk.blob.core.windows.net/pdhk/www/viewer3/RealImages/KG-81673.jpg,https://pdhk.blob.core.windows.net/pdhk/www/viewer3/Vision360.html?d=KG-81673,,,,1100.0,-41.0,649.0,194.7,,,,,
KG-81516,ROUND,0.450,I,VVS1,EX,EX,EX,FNT,,,,,4.88 - 4.90 * 3.02,4.88,4.90,3.02,GIA,,2225552667,https://www.gia.edu/report-check?reportno=2225552667,,,,HK,61.70,58.00,MED to STK,MED,STK,4.00,FACETED,NONE,,15.00,35.50,43.00,40.60,,,,Pinpoint  Feather,,,,SB0,TB0,SF0,SC0,,,1,,,TF0,,,,,,,  ,LIGHT BROWN  100% EYE CLEAN  Wechat: Diam0070  Contact Mr. Rakesh sutariya Whats App. +852 6660 4203  Miss. Ramiya Khunt - Whats app. +852 6660 4193  Wechat: diam0071,20/03/2023,AVAILABLE,YES,YES,NO,,https://pdhk.blob.core.windows.net/pdhk/www/viewer3/RealImages/KG-81516.jpg,https://pdhk.blob.core.windows.net/pdhk/www/viewer3/Vision360.html?d=KG-81516,,,,2200.0,-40.0,1320.0,594.0,,,,,
KG-87347,ROUND,0.630,J,VVS2,EX,EX,EX,NON,,,,,5.45 - 5.49 * 3.38,5.45,5.49,3.38,GIA,,6452993222,https://www.gia.edu/report-check?reportno=6452993222,,,,HK,61.80,59.00,MED to STK,MED,STK,4.00,FACETED,NONE,,15.00,35.50,43.00,40.80,,,,Etch Channel,,,,SB0,TB0,SF0,SC0,,,0.99,,,TF0,,,,,,,  ,NO BGM  100% EYE CLEAN  Wechat: Diam0070  Contact Mr. Rakesh sutariya Whats App. +852 6660 4203  Miss. Ramiya Khunt - Whats app. +852 6660 4193  Wechat: diam0071,31/03/2023,AVAILABLE,NO,NO,NO,,,,,,,2200.0,-34.14,1448.92,912.82,,,,,
KG-62359,ROUND,1.000,K,SI1,EX,EX,EX,NON,,,,,6.35 - 6.37 * 4.01,6.35,6.37,4.01,GIA,,3405249106,https://www.gia.edu/report-check?reportno=3405249106,,,,HK,63.10,56.00,MED to STK,MED,STK,0.04,FACETED,NONE,,16.50,36.50,43.00,40.80,,,,Crystal  Cloud  Feather  Needle,,,,SB1,TB1,SF0,SC0,,,1,,,TF1,,,,,,,  ,MIX TINGE  100% EYE CLEAN  Wechat: Diam0070  Contact Mr. Rakesh sutariya Whats App. +852 6660 4203  Miss. Ramiya Khunt - Whats app. +852 6660 4193  Wechat: diam0071,14/04/2023,AVAILABLE,NO,NO,NO,,,,,,,3700.0,-42.03,2144.89,2144.89,,,,,
KG-65626,ROUND,0.300,G,SI1,EX,EX,EX,NON,,,,,4.28 - 4.30 * 2.67,4.28,4.30,2.67,GIA,,6405824736,https://www.gia.edu/report-check?reportno=6405824736,,,,HK,62.20,59.00,MED to STK,MED,STK,0.04,FACETED,NONE,,14.00,34.00,44.50,41.80,,,,Crystal,,,,SB0,TB2,SF0,SC0,,,1,,,TF0,,,,,,,  ,MIX TINGE  100% EYE CLEAN  Wechat: Diam0070  Contact Mr. Rakesh sutariya Whats App. +852 6660 4203  Miss. Ramiya Khunt - Whats app. +852 6660 4193  Wechat: diam0071,14/04/2023,AVAILABLE,NO,NO,NO,,,,,,,1600.0,-39.0,976.0,292.8,,,,,
KG-89806,ROUND,0.300,I,SI2,EX,EX,EX,NON,,,,,4.29 - 4.31 * 2.67,4.29,4.31,2.67,GIA,,2466422637,https://www.gia.edu/report-check?reportno=2466422637,,,,HK,62.20,55.00,MED to STK,MED,STK,3.50,FACETED,NONE,,15.00,34.00,43.50,41.20,,,,Feather,,,,SB0,TB2,SF2,SC0,,,1,,,TF2,,,,,,,  ,NO BGM  100% EYE CLEAN  Wechat: Diam0070  Contact Mr. Rakesh sutariya Whats App. +852 6660 4203  Miss. Ramiya Khunt - Whats app. +852 6660 4193  Wechat: diam0071,08/05/2023,ONHOLD,YES,YES,NO,,https://pdhk.blob.core.windows.net/pdhk/www/viewer3/RealImages/KG-89806.jpg,https://pdhk.blob.core.windows.net/pdhk/www/viewer3/Vision360.html?d=KG-89806,,,,1200.0,-38.0,744.0,223.2,,,,,
KG-89816,ROUND,0.300,J,SI1,EX,EX,EX,FNT,,,,,4.28 - 4.30 * 2.64,4.28,4.30,2.64,GIA,,7461421411,https://www.gia.edu/report-check?reportno=7461421411,,,,HK,61.40,59.00,MED to STK,MED,STK,4.00,FACETED,NONE,,14.50,35.00,43.00,40.80,,,,Twinning Wisp  Feather,,,,SB0,TB2,SF0,SC0,,,1,,,TF2,,,,,,,  ,NO BGM  100% EYE CLEAN  Wechat: Diam0070  Contact Mr. Rakesh sutariya Whats App. +852 6660 4203  Miss. Ramiya Khunt - Whats app. +852 6660 4193  Wechat: diam0071,08/05/2023,ONHOLD,YES,YES,NO,,https://pdhk.blob.core.windows.net/pdhk/www/viewer3/RealImages/KG-89816.jpg,https://pdhk.blob.core.windows.net/pdhk/www/viewer3/Vision360.html?d=KG-89816,,,,1300.0,-42.0,754.0,226.2,,,,,
KG-87267,ROUND,0.500,I,SI1,EX,EX,EX,NON,,,,,5.06 - 5.09 * 3.21,5.06,5.09,3.21,GIA,,2457986233,https://www.gia.edu/report-check?reportno=2457986233,,,,HK,63.20,56.00,MED,MED,,3.50,FACETED,NONE,,16.50,36.50,43.50,41.00,,,,Feather,,,,SB0,TB0,SF2,SC0,,,0.99,,,TF0,,,,,,,  ,NO BGM  100% EYE CLEAN  Wechat: Diam0070  Contact Mr. Rakesh sutariya Whats App. +852 6660 4203  Miss. Ramiya Khunt - Whats app. +852 6660 4193  Wechat: diam0071,18/05/2023,ONMEMO,YES,YES,NO,,https://pdhk.blob.core.windows.net/pdhk/www/viewer3/RealImages/KG-87267.jpg,https://pdhk.blob.core.windows.net/pdhk/www/viewer3/Vision360.html?d=KG-87267,,,,2000.0,-35.95,1281.0,640.5,,,,,
KG-87987,ROUND,0.500,I,SI1,EX,EX,EX,NON,,,,,5.05 - 5.07 * 3.13,5.05,5.07,3.13,GIA,,5466138659,https://www.gia.edu/report-check?reportno=5466138659,,,,HK,61.80,59.00,MED to STK,MED,STK,4.00,FACETED,NONE,,15.00,36.00,43.00,40.60,,,,Cloud  Crystal,,,,SB1,TB0,SF1,SC0,,,1,,,TF0,,,,,,,  ,NO BGM  100% EYE CLEAN  Wechat: Diam0070  Contact Mr. Rakesh sutariya Whats App. +852 6660 4203  Miss. Ramiya Khunt - Whats app. +852 6660 4193  Wechat: diam0071,18/05/2023,ONMEMO,YES,YES,NO,,https://pdhk.blob.core.windows.net/pdhk/www/viewer3/RealImages/KG-87987.jpg,https://pdhk.blob.core.windows.net/pdhk/www/viewer3/Vision360.html?d=KG-87987,,,,2000.0,-35.95,1281.0,640.5,,,,,
KG-90129,ROUND,0.500,G,VS2,EX,EX,EX,NON,,,,,5.02 - 5.06 * 3.18,5.02,5.06,3.18,GIA,,3465466945,https://www.gia.edu/report-check?reportno=3465466945,,,,HK,63.10,55.00,MED to STK,MED,STK,3.50,FACETED,NONE,,16.50,36.50,43.00,40.60,,,,Feather,,,,SB0,TB1,SF1,SC0,,,0.99,,,TF0,,,,,,,  ,NO BGM  100% EYE CLEAN  Wechat: Diam0070  Contact Mr. Rakesh sutariya Whats App. +852 6660 4203  Miss. Ramiya Khunt - Whats app. +852 6660 4193  Wechat: diam0071,25/05/2023,ONHOLD,YES,YES,NO,,https://pdhk.blob.core.windows.net/pdhk/www/viewer3/RealImages/KG-90129.jpg,https://pdhk.blob.core.windows.net/pdhk/www/viewer3/Vision360.html?d=KG-90129,,,,2900.0,-40.0,1740.0,870.0,,,,,
KG-53112,ROUND,0.700,J,SI2,EX,EX,EX,NON,,,,,5.64 - 5.68 * 3.55,5.64,5.68,3.55,GIA,,7392456919,https://www.gia.edu/report-check?reportno=7392456919,,,,HK,62.80,57.00,MED to STK,MED,STK,0.04,FACETED,NONE,,16.00,36.50,43.50,41.00,,,,Crystal  Feather  Cloud,,,,SB2,TB2,SF0,SC1,,,0.99,,,TF2,,,,,,,  ,,18/07/2023,AVAILABLE,NO,NO,NO,,,,,,,2000.0,-40.15,1197.0,837.9,,,,,
KG-60684,ROUND,0.340,K,VS2,EX,EX,EX,NON,,,,,4.43 - 4.45 * 2.77,4.43,4.45,2.77,GIA,,6402201472,https://www.gia.edu/report-check?reportno=6402201472,,,,HK,62.40,57.00,MED to STK,MED,STK,0.04,FACETED,NONE,,15.50,36.50,43.00,40.80,,,,Crystal  Feather,,,,SB0,TB2,SF0,SC0,,,1,,,TF0,,,,,,,  ,,18/07/2023,ONHOLD,NO,NO,NO,,,,,,,1200.0,-34.0,792.0,269.28,,,,,
KG-63906,ROUND,0.320,L,VS1,EX,EX,EX,FNT,,,,,4.37 - 4.38 * 2.72,4.37,4.38,2.72,GIA,,1405371637,https://www.gia.edu/report-check?reportno=1405371637,,,,HK,62.20,57.00,MED,MED,,0.04,FACETED,NONE,,15.50,36.50,43.00,40.80,,,,Feather  Cloud  Needle  Pinpoint,,,,SB0,TB0,SF1,SC0,,,1,,,TF0,,,,,,,  ,,18/07/2023,ONHOLD,NO,NO,NO,,,,,,,1100.0,-34.0,726.0,232.32,,,,,
KG-71584,ROUND,0.330,E,VS2,EX,EX,EX,NON,,,,,4.42 - 4.45 * 2.73,4.42,4.45,2.73,GIA,,6224243421,https://www.gia.edu/report-check?reportno=6224243421,,,,HK,61.50,59.00,MED,MED,,4.00,FACETED,NONE,,14.50,35.50,43.00,40.80,,,,Crystal,,,,SB0,TB0,SF0,SC0,,,0.99,,,TF1,,,,,,,  ,,18/07/2023,ONHOLD,NO,NO,NO,,,,,,,2000.0,-33.0,1340.0,442.2,,,,,
KG-72620,ROUND,0.330,I,VS2,EX,EX,EX,NON,,,,,4.40 - 4.42 * 2.75,4.40,4.42,2.75,GIA,,6224329897,https://www.gia.edu/report-check?reportno=6224329897,,,,HK,62.40,58.00,MED to STK,MED,STK,4.00,FACETED,NONE,,14.50,34.50,43.50,41.40,,,,Crystal  Needle  Feather,,,,SB0,TB0,SF0,SC0,,,1,,,TF1,,,,,,,  ,,18/07/2023,ONHOLD,NO,NO,NO,,,,,,,1600.0,-36.0,1024.0,337.92,,,,,
KG-77787,ROUND,0.320,I,SI1,EX,EX,EX,FNT,,,,,4.36 - 4.37 * 2.74,4.36,4.37,2.74,GIA,,6227445251,https://www.gia.edu/report-check?reportno=6227445251,,,,HK,62.70,57.00,MED,MED,,3.50,FACETED,NONE,,16.00,36.50,43.50,41.00,,,,Crystal  Cloud,,,,SB1,TB2,SF0,SC0,,,1,,,TF0,,,,,,,  ,,18/07/2023,ONHOLD,YES,YES,NO,,https://pdhk.blob.core.windows.net/pdhk/www/viewer3/RealImages/KG-77787.jpg,https://pdhk.blob.core.windows.net/pdhk/www/viewer3/Vision360.html?d=KG-77787,,,,1400.0,-40.0,840.0,268.8,,,,,
KG-77857,ROUND,0.300,J,VS2,EX,EX,EX,FNT,,,,,4.28 - 4.31 * 2.65,4.28,4.31,2.65,GIA,,2221445334,https://www.gia.edu/report-check?reportno=2221445334,,,,HK,61.90,59.00,STK,STK,,4.50,FACETED,NONE,,13.50,33.50,44.00,41.60,,,,Feather  Cloud,,,,SB0,TB1,SF1,SC0,,,0.99,,,TF0,,,,,,,  ,,18/07/2023,AVAILABLE,YES,YES,NO,,https://pdhk.blob.core.windows.net/pdhk/www/viewer3/RealImages/KG-77857.jpg,https://pdhk.blob.core.windows.net/pdhk/www/viewer3/Vision360.html?d=KG-77857,,,,1400.0,-40.0,840.0,252.0,,,,,
KG-80055,ROUND,0.340,J,VS1,EX,EX,EX,NON,,,,,4.46 - 4.48 * 2.79,4.46,4.48,2.79,GIA,,5222521468,https://www.gia.edu/report-check?reportno=5222521468,,,,HK,62.50,57.00,MED,MED,,3.50,FACETED,NONE,,16.00,36.50,43.00,41.00,,,,Crystal  Cloud,,,,SB0,TB1,SF0,SC0,,,1,,,TF0,,,,,,,  ,,18/07/2023,ONHOLD,YES,YES,NO,,https://pdhk.blob.core.windows.net/pdhk/www/viewer3/RealImages/KG-80055.jpg,https://pdhk.blob.core.windows.net/pdhk/www/viewer3/Vision360.html?d=KG-80055,,,,1500.0,-37.0,945.0,321.3,,,,,
KG-81716,ROUND,0.340,H,SI1,EX,EX,EX,NON,,,,,4.44 - 4.47 * 2.79,4.44,4.47,2.79,GIA,,6224607762,https://www.gia.edu/report-check?reportno=6224607762,,,,HK,62.60,57.00,MED to STK,MED,STK,4.00,FACETED,NONE,,15.50,35.50,43.50,41.00,,,,Cloud  Feather,,,,SB0,TB0,SF1,SC0,,,0.99,,,TF1,,,,,,,  ,,18/07/2023,AVAILABLE,YES,YES,NO,,https://pdhk.blob.core.windows.net/pdhk/www/viewer3/RealImages/KG-81716.jpg,https://pdhk.blob.core.windows.net/pdhk/www/viewer3/Vision360.html?d=KG-81716,,,,1500.0,-33.0,1005.0,341.7,,,,,
KG-82162,ROUND,0.400,H,SI2,EX,EX,EX,FNT,,,,,4.70 - 4.74 * 2.89,4.70,4.74,2.89,GIA,,5221615194,https://www.gia.edu/report-check?reportno=5221615194,,,,HK,61.10,60.00,STK,STK,,4.00,FACETED,NONE,,13.50,34.50,43.50,41.00,,,,Crystal  Feather,,,,SB2,TB0,SF0,SC0,,,0.99,,,TF1,,,,,,,  ,,18/07/2023,AVAILABLE,YES,YES,NO,,https://pdhk.blob.core.windows.net/pdhk/www/viewer3/RealImages/KG-82162.jpg,https://pdhk.blob.core.windows.net/pdhk/www/viewer3/Vision360.html?d=KG-82162,,,,1500.0,-36.0,960.0,384.0,,,,,
KG-86258,ROUND,0.700,I,SI2,EX,EX,EX,NON,,,,,5.67 - 5.71 * 3.51,5.67,5.71,3.51,GIA,,2456817313,https://www.gia.edu/report-check?reportno=2456817313,,,,HK,61.70,59.00,MED to STK,MED,STK,4.00,FACETED,NONE,,14.50,35.50,43.50,41.20,,,,Cloud  Crystal  Feather,,,,SB2,TB2,SF2,SC0,,,0.99,,,TF2,,,,,,,  ,,18/07/2023,AVAILABLE,YES,YES,NO,,https://pdhk.blob.core.windows.net/pdhk/www/viewer3/RealImages/KG-86258.jpg,https://pdhk.blob.core.windows.net/pdhk/www/viewer3/Vision360.html?d=KG-86258,,,,2200.0,-37.27,1380.06,966.04,,,,,
KG-92138,ROUND,0.500,J,VS2,EX,EX,EX,NON,,,,,5.05 - 5.09 * 3.18,5.05,5.09,3.18,GIA,,6461946267,https://www.gia.edu/report-check?reportno=6461946267,,,,HK,62.80,57.00,STK,STK,,4.00,FACETED,NONE,,15.50,35.50,43.50,41.00,,,,Cloud  Crystal  Feather,,,,SB0,TB2,SF1,SC0,,,0.99,,,TF0,,,,,,,  ,,18/07/2023,ONHOLD,YES,YES,NO,,https://pdhk.blob.core.windows.net/pdhk/www/viewer3/RealImages/KG-92138.jpg,https://pdhk.blob.core.windows.net/pdhk/www/viewer3/Vision360.html?d=KG-92138,,,,2000.0,-40.0,1200.0,600.0,,,,,
KG-92152,ROUND,0.330,I,VS2,EX,EX,EX,FNT,,,,,4.40 - 4.43 * 2.78,4.40,4.43,2.78,GIA,,6462946617,https://www.gia.edu/report-check?reportno=6462946617,,,,HK,63.00,56.00,MED to STK,MED,STK,3.50,FACETED,NONE,,16.00,36.50,43.00,41.00,,,,Crystal  Cloud,,,,SB1,TB2,SF0,SC0,,,0.99,,,TF0,,,,,,,  ,,18/07/2023,ONMEMO,YES,YES,NO,,https://pdhk.blob.core.windows.net/pdhk/www/viewer3/RealImages/KG-92152.jpg,https://pdhk.blob.core.windows.net/pdhk/www/viewer3/Vision360.html?d=KG-92152,,,,1600.0,-38.0,992.0,327.36,,,,,
KG-92167,ROUND,0.310,K,SI1,EX,EX,EX,FNT,,,,,4.31 - 4.33 * 2.67,4.31,4.33,2.67,GIA,,1469946217,https://www.gia.edu/report-check?reportno=1469946217,,,,HK,61.70,59.00,MED to STK,MED,STK,4.00,FACETED,NONE,,14.00,35.00,43.50,41.20,,,,Crystal,,,,SB0,TB0,SF0,SC1,,,1,,,TF2,,,,,,,  ,,18/07/2023,ONMEMO,YES,YES,NO,,https://pdhk.blob.core.windows.net/pdhk/www/viewer3/RealImages/KG-92167.jpg,https://pdhk.blob.core.windows.net/pdhk/www/viewer3/Vision360.html?d=KG-92167,,,,1100.0,-36.0,704.0,218.24,,,,,
KG-92187,ROUND,0.300,I,VS2,EX,EX,EX,FNT,,,,,4.31 - 4.33 * 2.68,4.31,4.33,2.68,GIA,,6462945643,https://www.gia.edu/report-check?reportno=6462945643,,,,HK,62.00,57.00,MED to STK,MED,STK,3.50,FACETED,NONE,,15.00,35.00,43.00,41.00,,,,Crystal  Feather,,,,SB0,TB2,SF0,SC0,,,1,,,TF1,,,,,,,  ,,18/07/2023,ONMEMO,YES,YES,NO,,https://pdhk.blob.core.windows.net/pdhk/www/viewer3/RealImages/KG-92187.jpg,https://pdhk.blob.core.windows.net/pdhk/www/viewer3/Vision360.html?d=KG-92187,,,,1600.0,-39.0,976.0,292.8,,,,,
KG-92257,ROUND,0.300,G,SI1,EX,EX,EX,FNT,,,,,4.24 - 4.27 * 2.69,4.24,4.27,2.69,GIA,,1465946314,https://www.gia.edu/report-check?reportno=1465946314,,,,HK,63.20,56.00,MED to STK,MED,STK,3.50,FACETED,NONE,,16.50,36.50,43.50,41.00,,,,Cloud  Crystal,,,,SB0,TB2,SF0,SC0,,,0.99,,,TF1,,,,,,,  ,,18/07/2023,AVAILABLE,YES,YES,NO,,https://pdhk.blob.core.windows.net/pdhk/www/viewer3/RealImages/KG-92257.jpg,https://pdhk.blob.core.windows.net/pdhk/www/viewer3/Vision360.html?d=KG-92257,,,,1600.0,-33.0,1072.0,321.6,,,,,
KG-92270,ROUND,0.310,J,VS2,EX,EX,EX,FNT,,,,,4.33 - 4.35 * 2.71,4.33,4.35,2.71,GIA,,7468946032,https://www.gia.edu/report-check?reportno=7468946032,,,,HK,62.30,58.00,THN to MED,THN,MED,3.50,FACETED,NONE,,15.50,36.50,43.00,41.00,,,,Crystal,,,,SB0,TB2,SF0,SC0,,,1,,,TF0,,,,,,,  ,,18/07/2023,ONMEMO,YES,YES,NO,,https://pdhk.blob.core.windows.net/pdhk/www/viewer3/RealImages/KG-92270.jpg,https://pdhk.blob.core.windows.net/pdhk/www/viewer3/Vision360.html?d=KG-92270,,,,1400.0,-39.0,854.0,264.74,,,,,
KG-92300,ROUND,0.310,J,VS1,EX,EX,EX,FNT,,,,,4.31 - 4.33 * 2.70,4.31,4.33,2.70,GIA,,6462946333,https://www.gia.edu/report-check?reportno=6462946333,,,,HK,62.50,56.00,THN to MED,THN,MED,3.50,FACETED,NONE,,16.00,36.50,43.00,40.80,,,,Crystal  Needle  Pinpoint  Cloud,,,,SB1,TB1,SF0,SC0,,,1,,,TF0,,,,,,,  ,,18/07/2023,ONMEMO,YES,YES,NO,,https://pdhk.blob.core.windows.net/pdhk/www/viewer3/RealImages/KG-92300.jpg,https://pdhk.blob.core.windows.net/pdhk/www/viewer3/Vision360.html?d=KG-92300,,,,1500.0,-38.0,930.0,288.3,,,,,
KG-92357,ROUND,0.330,E,VS1,EX,EX,EX,NON,,,,,4.41 - 4.43 * 2.77,4.41,4.43,2.77,GIA,,7468945882,https://www.gia.edu/report-check?reportno=7468945882,,,,HK,62.70,56.00,MED to STK,MED,STK,3.50,FACETED,NONE,,16.00,36.00,43.50,41.20,,,,Cloud  Needle  Pinpoint,,,,SB0,TB1,SF0,SC0,,,1,,,TF0,,,,,,,  ,,18/07/2023,ONMEMO,YES,YES,NO,,https://pdhk.blob.core.windows.net/pdhk/www/viewer3/RealImages/KG-92357.jpg,https://pdhk.blob.core.windows.net/pdhk/www/viewer3/Vision360.html?d=KG-92357,,,,2200.0,-29.0,1562.0,515.46,,,,,
KG-92369,ROUND,0.340,G,VS1,EX,EX,EX,NON,,,,,4.45 - 4.47 * 2.82,4.45,4.47,2.82,GIA,,5463947272,https://www.gia.edu/report-check?reportno=5463947272,,,,HK,63.20,56.00,MED to STK,MED,STK,3.50,FACETED,NONE,,16.00,36.00,43.50,41.00,,,,Cloud  Needle  Pinpoint,,,,SB0,TB0,SF0,SC0,,,1,,,TF1,,,,,,,  ,,18/07/2023,ONMEMO,YES,YES,NO,,https://pdhk.blob.core.windows.net/pdhk/www/viewer3/RealImages/KG-92369.jpg,https://pdhk.blob.core.windows.net/pdhk/www/viewer3/Vision360.html?d=KG-92369,,,,2000.0,-26.0,1480.0,503.2,,,,,
KG-92400,ROUND,0.320,I,VS2,EX,EX,EX,FNT,,,,,4.36 - 4.39 * 2.73,4.36,4.39,2.73,GIA,,2466947087,https://www.gia.edu/report-check?reportno=2466947087,,,,HK,62.40,56.00,MED to STK,MED,STK,3.50,FACETED,NONE,,16.00,36.50,42.50,40.60,,,,Crystal  Cloud,,,,SB0,TB2,SF0,SC0,,,0.99,,,TF0,,,,,,,  ,,18/07/2023,ONMEMO,YES,YES,NO,,https://pdhk.blob.core.windows.net/pdhk/www/viewer3/RealImages/KG-92400.jpg,https://pdhk.blob.core.windows.net/pdhk/www/viewer3/Vision360.html?d=KG-92400,,,,1600.0,-39.0,976.0,312.32,,,,,
KG-92413,ROUND,0.310,J,VS1,EX,EX,EX,FNT,,,,,4.32 - 4.33 * 2.68,4.32,4.33,2.68,GIA,,1465946549,https://www.gia.edu/report-check?reportno=1465946549,,,,HK,62.00,56.00,MED to STK,MED,STK,4.00,FACETED,NONE,,15.00,34.50,43.00,40.80,,,,Crystal  Cloud  Feather  Pinpoint,,,,SB0,TB2,SF0,SC0,,,1,,,TF0,,,,,,,  ,,18/07/2023,ONMEMO,YES,YES,NO,,https://pdhk.blob.core.windows.net/pdhk/www/viewer3/RealImages/KG-92413.jpg,https://pdhk.blob.core.windows.net/pdhk/www/viewer3/Vision360.html?d=KG-92413,,,,1500.0,-38.0,930.0,288.3,,,,,
KG-92423,ROUND,0.410,H,SI2,EX,EX,EX,FNT,,,,,4.73 - 4.75 * 2.97,4.73,4.75,2.97,GIA,,7466946710,https://www.gia.edu/report-check?reportno=7466946710,,,,HK,62.70,57.00,MED to STK,MED,STK,3.50,FACETED,NONE,,16.00,36.50,43.00,40.80,,,,Feather,,,,SB0,TB2,SF2,SC0,,,1,,,TF1,,,,,,,  ,,18/07/2023,ONMEMO,YES,YES,NO,,https://pdhk.blob.core.windows.net/pdhk/www/viewer3/RealImages/KG-92423.jpg,https://pdhk.blob.core.windows.net/pdhk/www/viewer3/Vision360.html?d=KG-92423,,,,1500.0,-35.0,975.0,399.75,,,,,
KG-92480,ROUND,0.320,I,VS2,EX,EX,EX,FNT,,,,,4.35 - 4.37 * 2.73,4.35,4.37,2.73,GIA,,6465946962,https://www.gia.edu/report-check?reportno=6465946962,,,,HK,62.60,57.00,MED to STK,MED,STK,4.00,FACETED,NONE,,15.00,35.00,43.50,41.20,,,,Crystal  Feather,,,,SB0,TB2,SF0,SC0,,,1,,,TF1,,,,,,,  ,,18/07/2023,ONMEMO,YES,YES,NO,,https://pdhk.blob.core.windows.net/pdhk/www/viewer3/RealImages/KG-92480.jpg,https://pdhk.blob.core.windows.net/pdhk/www/viewer3/Vision360.html?d=KG-92480,,,,1600.0,-39.0,976.0,312.32,,,,,
KG-92552,ROUND,0.300,G,VS1,EX,EX,EX,NON,,,,,4.29 - 4.30 * 2.64,4.29,4.30,2.64,GIA,,6475051691,https://www.gia.edu/report-check?reportno=6475051691,,,,HK,61.40,61.00,MED to STK,MED,STK,4.00,FACETED,NONE,,14.00,35.50,43.50,41.00,,,,Feather,,,,SB0,TB0,SF0,SC0,,,1,,,TF2,,,,,,,  ,,18/07/2023,ONHOLD,YES,YES,NO,,https://pdhk.blob.core.windows.net/pdhk/www/viewer3/RealImages/KG-92552.jpg,https://pdhk.blob.core.windows.net/pdhk/www/viewer3/Vision360.html?d=KG-92552,,,,2000.0,-29.0,1420.0,426.0,,,,,
KG-92555,ROUND,0.310,J,VS2,EX,EX,EX,FNT,,,,,4.30 - 4.32 * 2.71,4.30,4.32,2.71,GIA,,7462980837,https://www.gia.edu/report-check?reportno=7462980837,,,,HK,62.80,56.00,MED to STK,MED,STK,3.50,FACETED,NONE,,16.00,36.50,43.50,41.00,,,,Crystal  Cloud  Feather,,,,SB0,TB2,SF1,SC0,,,1,,,TF0,,,,,,,  ,,18/07/2023,ONMEMO,YES,YES,NO,,https://pdhk.blob.core.windows.net/pdhk/www/viewer3/RealImages/KG-92555.jpg,https://pdhk.blob.core.windows.net/pdhk/www/viewer3/Vision360.html?d=KG-92555,,,,1400.0,-40.0,840.0,260.4,,,,,
KG-92562,ROUND,0.300,J,VS1,EX,EX,EX,FNT,,,,,4.28 - 4.31 * 2.69,4.28,4.31,2.69,GIA,,6461981493,https://www.gia.edu/report-check?reportno=6461981493,,,,HK,62.70,55.00,MED to STK,MED,STK,3.50,FACETED,NONE,,16.00,35.00,43.00,41.00,,,,Crystal  Feather  Cloud  Indented Natural,,,,SB0,TB2,SF0,SC0,,,0.99,,,TF0,,,,,,,  ,,18/07/2023,ONMEMO,NO,NO,NO,,,,,,,1500.0,-39.0,915.0,274.5,,,,,
KG-92622,ROUND,0.300,D,SI1,EX,EX,EX,NON,,,,,4.27 - 4.29 * 2.69,4.27,4.29,2.69,GIA,,6462981439,https://www.gia.edu/report-check?reportno=6462981439,,,,HK,62.80,57.00,MED to STK,MED,STK,4.00,FACETED,NONE,,15.00,35.00,44.00,41.40,,,,Crystal  Feather,,,,SB0,TB0,SF1,SC2,,,1,,,TF1,,,,,,,  ,,18/07/2023,ONHOLD,YES,YES,NO,,https://pdhk.blob.core.windows.net/pdhk/www/viewer3/RealImages/KG-92622.jpg,https://pdhk.blob.core.windows.net/pdhk/www/viewer3/Vision360.html?d=KG-92622,,,,1900.0,-35.0,1235.0,370.5,,,,,
KG-92654,ROUND,0.320,J,VS2,EX,EX,EX,NON,,,,,4.35 - 4.38 * 2.75,4.35,4.38,2.75,GIA,,5466980523,https://www.gia.edu/report-check?reportno=5466980523,,,,HK,63.00,55.00,MED to STK,MED,STK,3.50,FACETED,NONE,,16.50,36.50,42.50,40.60,,,,Feather  Crystal,,,,SB0,TB2,SF2,SC0,,,0.99,,,TF0,,,,,,,  ,,18/07/2023,ONMEMO,YES,YES,NO,,https://pdhk.blob.core.windows.net/pdhk/www/viewer3/RealImages/KG-92654.jpg,https://pdhk.blob.core.windows.net/pdhk/www/viewer3/Vision360.html?d=KG-92654,,,,1400.0,-35.0,910.0,291.2,,,,,
KG-92658,ROUND,0.320,E,VS2,EX,EX,EX,NON,,,,,4.38 - 4.40 * 2.76,4.38,4.40,2.76,GIA,,6462981051,https://www.gia.edu/report-check?reportno=6462981051,,,,HK,62.80,56.00,MED to STK,MED,STK,3.50,FACETED,NONE,,16.00,36.50,43.00,41.00,,,,Crystal  Cloud,,,,SB0,TB2,SF0,SC0,,,1,,,TF0,,,,,,,  ,,18/07/2023,ONMEMO,YES,YES,NO,,https://pdhk.blob.core.windows.net/pdhk/www/viewer3/RealImages/KG-92658.jpg,https://pdhk.blob.core.windows.net/pdhk/www/viewer3/Vision360.html?d=KG-92658,,,,2000.0,-32.0,1360.0,435.2,,,,,
KG-92663,ROUND,0.300,E,VS2,EX,EX,EX,NON,,,,,4.27 - 4.29 * 2.65,4.27,4.29,2.65,GIA,,6461981050,https://www.gia.edu/report-check?reportno=6461981050,,,,HK,61.90,58.00,MED to STK,MED,STK,4.00,FACETED,NONE,,14.50,35.00,43.50,41.00,,,,Crystal  Feather,,,,SB0,TB2,SF1,SC0,,,1,,,TF0,,,,,,,  ,,18/07/2023,ONMEMO,YES,YES,NO,,https://pdhk.blob.core.windows.net/pdhk/www/viewer3/RealImages/KG-92663.jpg,https://pdhk.blob.core.windows.net/pdhk/www/viewer3/Vision360.html?d=KG-92663,,,,2000.0,-32.0,1360.0,408.0,,,,,
KG-92717,ROUND,0.310,E,VS2,EX,EX,EX,NON,,,,,4.30 - 4.33 * 2.68,4.30,4.33,2.68,GIA,,1463980602,https://www.gia.edu/report-check?reportno=1463980602,,,,HK,62.10,58.00,MED to STK,MED,STK,4.00,FACETED,NONE,,15.00,35.50,43.00,40.80,,,,Crystal,,,,SB0,TB2,SF0,SC0,,,0.99,,,TF0,,,,,,,  ,,18/07/2023,ONMEMO,YES,YES,NO,,https://pdhk.blob.core.windows.net/pdhk/www/viewer3/RealImages/KG-92717.jpg,https://pdhk.blob.core.windows.net/pdhk/www/viewer3/Vision360.html?d=KG-92717,,,,2000.0,-32.0,1360.0,421.6,,,,,
KG-92720,ROUND,0.300,I,VS2,EX,EX,EX,NON,,,,,4.27 - 4.30 * 2.68,4.27,4.30,2.68,GIA,,6462980328,https://www.gia.edu/report-check?reportno=6462980328,,,,HK,62.50,57.00,MED to STK,MED,STK,3.50,FACETED,NONE,,15.50,36.50,43.00,40.80,,,,Feather  Cloud  Crystal,,,,SB0,TB0,SF2,SC0,,,0.99,,,TF1,,,,,,,  ,,18/07/2023,ONMEMO,YES,YES,NO,,https://pdhk.blob.core.windows.net/pdhk/www/viewer3/RealImages/KG-92720.jpg,https://pdhk.blob.core.windows.net/pdhk/www/viewer3/Vision360.html?d=KG-92720,,,,1600.0,-35.0,1040.0,312.0,,,,,
KG-92725,ROUND,0.320,H,VS2,EX,EX,EX,FNT,,,,,4.36 - 4.38 * 2.73,4.36,4.38,2.73,GIA,,7461980304,https://www.gia.edu/report-check?reportno=7461980304,,,,HK,62.40,57.00,MED to STK,MED,STK,3.50,FACETED,NONE,,16.00,36.50,43.00,40.80,,,,Crystal,,,,SB0,TB2,SF0,SC0,,,1,,,TF0,,,,,,,  ,,18/07/2023,ONMEMO,YES,YES,NO,,https://pdhk.blob.core.windows.net/pdhk/www/viewer3/RealImages/KG-92725.jpg,https://pdhk.blob.core.windows.net/pdhk/www/viewer3/Vision360.html?d=KG-92725,,,,1700.0,-34.0,1122.0,359.04,,,,,
KG-92809,ROUND,0.320,I,VS2,EX,EX,EX,NON,,,,,4.34 - 4.37 * 2.73,4.34,4.37,2.73,GIA,,2466981013,https://www.gia.edu/report-check?reportno=2466981013,,,,HK,62.60,58.00,MED to STK,MED,STK,4.00,FACETED,NONE,,15.00,35.50,43.50,41.20,,,,Cloud  Crystal  Feather,,,,SB0,TB0,SF0,SC0,,,0.99,,,TF0,,,,,,,  ,,18/07/2023,ONMEMO,YES,YES,NO,,https://pdhk.blob.core.windows.net/pdhk/www/viewer3/RealImages/KG-92809.jpg,https://pdhk.blob.core.windows.net/pdhk/www/viewer3/Vision360.html?d=KG-92809,,,,1600.0,-35.0,1040.0,332.8,,,,,
KG-92819,ROUND,0.320,E,VS1,EX,EX,EX,NON,,,,,4.38 - 4.39 * 2.76,4.38,4.39,2.76,GIA,,3465980370,https://www.gia.edu/report-check?reportno=3465980370,,,,HK,62.90,56.00,MED,MED,,3.50,FACETED,NONE,,16.00,36.00,43.50,41.20,,,,Cloud  Needle  Pinpoint,,,,SB0,TB1,SF0,SC0,,,1,,,TF0,,,,,,,  ,,18/07/2023,ONMEMO,YES,YES,NO,,https://pdhk.blob.core.windows.net/pdhk/www/viewer3/RealImages/KG-92819.jpg,https://pdhk.blob.core.windows.net/pdhk/www/viewer3/Vision360.html?d=KG-92819,,,,2200.0,-30.0,1540.0,492.8,,,,,
KG-92820,ROUND,0.300,E,VS1,EX,EX,EX,NON,,,,,4.28 - 4.29 * 2.69,4.28,4.29,2.69,GIA,,6462980777,https://www.gia.edu/report-check?reportno=6462980777,,,,HK,62.80,57.00,MED to STK,MED,STK,4.00,FACETED,NONE,,15.00,35.00,44.00,41.40,,,,Cloud  Pinpoint,,,,SB0,TB1,SF0,SC0,,,1,,,TF0,,,,,,,  ,,18/07/2023,ONMEMO,YES,YES,NO,,https://pdhk.blob.core.windows.net/pdhk/www/viewer3/RealImages/KG-92820.jpg,https://pdhk.blob.core.windows.net/pdhk/www/viewer3/Vision360.html?d=KG-92820,,,,2200.0,-30.0,1540.0,462.0,,,,,
KG-92854,ROUND,0.310,J,SI1,EX,EX,EX,FNT,,,,,4.34 - 4.36 * 2.69,4.34,4.36,2.69,GIA,,2466981339,https://www.gia.edu/report-check?reportno=2466981339,,,,HK,61.80,57.00,MED to STK,MED,STK,4.00,FACETED,NONE,,14.50,34.00,43.50,41.00,,,,Crystal  Cloud,,,,SB2,TB2,SF0,SC0,,,1,,,TF0,,,,,,,  ,,18/07/2023,ONMEMO,YES,YES,NO,,https://pdhk.blob.core.windows.net/pdhk/www/viewer3/RealImages/KG-92854.jpg,https://pdhk.blob.core.windows.net/pdhk/www/viewer3/Vision360.html?d=KG-92854,,,,1300.0,-41.0,767.0,237.77,,,,,
KG-92862,ROUND,0.300,F,VS1,EX,EX,EX,NON,,,,,4.32 - 4.33 * 2.65,4.32,4.33,2.65,GIA,,7466980166,https://www.gia.edu/report-check?reportno=7466980166,,,,HK,61.30,59.00,MED to STK,MED,STK,4.00,FACETED,NONE,,14.00,34.00,43.50,41.20,,,,Crystal  Pinpoint,,,,SB0,TB1,SF0,SC0,,,1,,,TF0,,,,,,,  ,,18/07/2023,ONHOLD,YES,YES,NO,,https://pdhk.blob.core.windows.net/pdhk/www/viewer3/RealImages/KG-92862.jpg,https://pdhk.blob.core.windows.net/pdhk/www/viewer3/Vision360.html?d=KG-92862,,,,2100.0,-31.0,1449.0,434.7,,,,,
KG-92865,ROUND,0.300,J,VS1,EX,EX,EX,NON,,,,,4.25 - 4.28 * 2.68,4.25,4.28,2.68,GIA,,7468980239,https://www.gia.edu/report-check?reportno=7468980239,,,,HK,62.90,55.00,THN to STK,THN,STK,3.50,FACETED,NONE,,16.50,36.50,43.00,40.60,,,,Needle  Feather  Cloud  Pinpoint,,,,SB0,TB2,SF0,SC0,,,0.99,,,TF1,,,,,,,  ,,18/07/2023,ONMEMO,YES,YES,NO,,https://pdhk.blob.core.windows.net/pdhk/www/viewer3/RealImages/KG-92865.jpg,https://pdhk.blob.core.windows.net/pdhk/www/viewer3/Vision360.html?d=KG-92865,,,,1500.0,-40.0,900.0,270.0,,,,,
KG-92908,ROUND,0.320,G,VS2,EX,EX,EX,NON,,,,,4.37 - 4.39 * 2.75,4.37,4.39,2.75,GIA,,6462980824,https://www.gia.edu/report-check?reportno=6462980824,,,,HK,62.70,56.00,MED to STK,MED,STK,3.50,FACETED,NONE,,16.00,36.50,43.00,40.80,,,,Cloud  Crystal,,,,SB0,TB2,SF0,SC0,,,1,,,TF0,,,,,,,  ,,18/07/2023,ONMEMO,YES,YES,NO,,https://pdhk.blob.core.windows.net/pdhk/www/viewer3/RealImages/KG-92908.jpg,https://pdhk.blob.core.windows.net/pdhk/www/viewer3/Vision360.html?d=KG-92908,,,,1800.0,-26.0,1332.0,426.24,,,,,
KG-92919,ROUND,0.350,H,VS2,EX,EX,EX,NON,,,,,4.46 - 4.49 * 2.79,4.46,4.49,2.79,GIA,,2466980241,https://www.gia.edu/report-check?reportno=2466980241,,,,HK,62.40,59.00,MED to STK,MED,STK,4.00,FACETED,NONE,,14.50,35.50,43.50,41.20,,,,Cloud  Crystal,,,,SB0,TB1,SF1,SC0,,,0.99,,,TF2,,,,,,,  ,,18/07/2023,ONMEMO,YES,YES,NO,,https://pdhk.blob.core.windows.net/pdhk/www/viewer3/RealImages/KG-92919.jpg,https://pdhk.blob.core.windows.net/pdhk/www/viewer3/Vision360.html?d=KG-92919,,,,1700.0,-31.0,1173.0,410.55,,,,,
KG-92979,ROUND,0.300,G,VS2,EX,EX,EX,NON,,,,,4.26 - 4.28 * 2.68,4.26,4.28,2.68,GIA,,1479051546,https://www.gia.edu/report-check?reportno=1479051546,,,,HK,62.70,56.00,MED to STK,MED,STK,3.50,FACETED,NONE,,16.50,36.50,43.00,40.60,,,,Crystal  Feather,,,,SB0,TB2,SF0,SC0,,,1,,,TF0,,,,,,,  ,,18/07/2023,ONHOLD,YES,YES,NO,,https://pdhk.blob.core.windows.net/pdhk/www/viewer3/RealImages/KG-92979.jpg,https://pdhk.blob.core.windows.net/pdhk/www/viewer3/Vision360.html?d=KG-92979,,,,1800.0,-30.0,1260.0,378.0,,,,,
KG-93000,ROUND,0.300,H,VS1,EX,EX,EX,NON,,,,,4.25 - 4.28 * 2.68,4.25,4.28,2.68,GIA,,7471051777,https://www.gia.edu/report-check?reportno=7471051777,,,,HK,62.70,58.00,STK,STK,,4.00,FACETED,NONE,,15.00,35.00,44.00,41.40,,,,Feather  Needle  Pinpoint,,,,SB0,TB2,SF0,SC0,,,0.99,,,TF1,,,,,,,  ,,18/07/2023,ONHOLD,YES,YES,NO,,https://pdhk.blob.core.windows.net/pdhk/www/viewer3/RealImages/KG-93000.jpg,https://pdhk.blob.core.windows.net/pdhk/www/viewer3/Vision360.html?d=KG-93000,,,,1900.0,-27.0,1387.0,416.1,,,,,
KG-93012,ROUND,0.320,I,VS1,EX,EX,EX,NON,,,,,4.34 - 4.36 * 2.72,4.34,4.36,2.72,GIA,,1478051477,https://www.gia.edu/report-check?reportno=1478051477,,,,HK,62.50,58.00,MED to STK,MED,STK,4.00,FACETED,NONE,,15.00,35.50,43.50,41.20,,,,Crystal  Needle  Cloud  Pinpoint,,,,SB0,TB1,SF0,SC0,,,1,,,TF1,,,,,,,  ,,18/07/2023,ONMEMO,YES,YES,NO,,https://pdhk.blob.core.windows.net/pdhk/www/viewer3/RealImages/KG-93012.jpg,https://pdhk.blob.core.windows.net/pdhk/www/viewer3/Vision360.html?d=KG-93012,,,,1700.0,-33.0,1139.0,364.48,,,,,
KG-93021,ROUND,0.330,E,VS1,EX,EX,EX,NON,,,,,4.42 - 4.44 * 2.75,4.42,4.44,2.75,GIA,,6472051451,https://www.gia.edu/report-check?reportno=6472051451,,,,HK,62.10,59.00,MED to STK,MED,STK,4.00,FACETED,NONE,,14.50,35.50,43.50,41.00,,,,Cloud  Feather,,,,SB0,TB0,SF0,SC0,,,1,,,TF0,,,,,,,  ,,18/07/2023,ONMEMO,YES,YES,NO,,https://pdhk.blob.core.windows.net/pdhk/www/viewer3/RealImages/KG-93021.jpg,https://pdhk.blob.core.windows.net/pdhk/www/viewer3/Vision360.html?d=KG-93021,,,,2200.0,-30.0,1540.0,508.2,,,,,
KG-93027,ROUND,0.300,H,VS2,EX,EX,EX,NON,,,,,4.26 - 4.28 * 2.67,4.26,4.28,2.67,GIA,,1475051972,https://www.gia.edu/report-check?reportno=1475051972,,,,HK,62.60,57.00,MED to STK,MED,STK,3.50,FACETED,NONE,,16.00,36.50,43.00,40.80,,,,Cloud  Crystal  Feather,,,,SB0,TB2,SF0,SC0,,,1,,,TF0,,,,,,,  ,,18/07/2023,AVAILABLE,YES,YES,NO,,https://pdhk.blob.core.windows.net/pdhk/www/viewer3/RealImages/KG-93027.jpg,https://pdhk.blob.core.windows.net/pdhk/www/viewer3/Vision360.html?d=KG-93027,,,,1700.0,-27.1,1239.3,371.79,,,,,
KG-93053,ROUND,0.300,E,VS1,EX,EX,EX,NON,,,,,4.26 - 4.28 * 2.66,4.26,4.28,2.66,GIA,,2476051875,https://www.gia.edu/report-check?reportno=2476051875,,,,HK,62.30,58.00,STK,STK,,4.00,FACETED,NONE,,15.00,35.50,43.00,41.00,,,,Cloud,,,,SB0,TB0,SF1,SC0,,,1,,,TF0,,,,,,,  ,,18/07/2023,ONMEMO,YES,YES,NO,,https://pdhk.blob.core.windows.net/pdhk/www/viewer3/RealImages/KG-93053.jpg,https://pdhk.blob.core.windows.net/pdhk/www/viewer3/Vision360.html?d=KG-93053,,,,2200.0,-31.0,1518.0,455.4,,,,,
KG-93054,ROUND,0.300,F,VS1,EX,EX,EX,NON,,,,,4.28 - 4.29 * 2.67,4.28,4.29,2.67,GIA,,6475051187,https://www.gia.edu/report-check?reportno=6475051187,,,,HK,62.40,56.00,MED to STK,MED,STK,3.50,FACETED,NONE,,16.00,36.50,42.50,40.60,,,,Crystal  Feather  Pinpoint  Needle,,,,SB0,TB2,SF0,SC0,,,1,,,TF0,,,,,,,  ,,18/07/2023,ONHOLD,YES,YES,NO,,https://pdhk.blob.core.windows.net/pdhk/www/viewer3/RealImages/KG-93054.jpg,https://pdhk.blob.core.windows.net/pdhk/www/viewer3/Vision360.html?d=KG-93054,,,,2100.0,-31.0,1449.0,434.7,,,,,
KG-93068,ROUND,0.300,I,VS1,EX,EX,EX,FNT,,,,,4.24 - 4.27 * 2.67,4.24,4.27,2.67,GIA,,2477051154,https://www.gia.edu/report-check?reportno=2477051154,,,,HK,62.70,58.00,MED to STK,MED,STK,4.00,FACETED,NONE,,15.00,35.00,43.50,41.20,,,,Crystal  Feather,,,,SB0,TB0,SF0,SC0,,,0.99,,,TF0,,,,,,,  ,,18/07/2023,ONMEMO,YES,YES,NO,,https://pdhk.blob.core.windows.net/pdhk/www/viewer3/RealImages/KG-93068.jpg,https://pdhk.blob.core.windows.net/pdhk/www/viewer3/Vision360.html?d=KG-93068,,,,1700.0,-39.0,1037.0,311.1,,,,,
KG-93147,ROUND,0.340,H,SI1,EX,EX,EX,NON,,,,,4.48 - 4.50 * 2.80,4.48,4.50,2.80,GIA,,7471051032,https://www.gia.edu/report-check?reportno=7471051032,,,,HK,62.40,59.00,MED to STK,MED,STK,4.00,FACETED,NONE,,14.00,34.00,44.50,41.80,,,,Crystal  Feather,,,,SB1,TB0,SF1,SC0,,,1,,,TF0,,,,,,,  ,,18/07/2023,ONMEMO,YES,YES,NO,,https://pdhk.blob.core.windows.net/pdhk/www/viewer3/RealImages/KG-93147.jpg,https://pdhk.blob.core.windows.net/pdhk/www/viewer3/Vision360.html?d=KG-93147,,,,1500.0,-33.0,1005.0,341.7,,,,,
KG-93158,ROUND,0.300,G,SI1,EX,EX,EX,NON,,,,,4.28 - 4.30 * 2.67,4.28,4.30,2.67,GIA,,2474051002,https://www.gia.edu/report-check?reportno=2474051002,,,,HK,62.20,58.00,MED to STK,MED,STK,4.00,FACETED,NONE,,15.00,35.00,43.50,41.20,,,,Feather,,,,SB0,TB0,SF2,SC0,,,1,,,TF1,,,,,,,  ,,18/07/2023,ONHOLD,YES,YES,NO,,https://pdhk.blob.core.windows.net/pdhk/www/viewer3/RealImages/KG-93158.jpg,https://pdhk.blob.core.windows.net/pdhk/www/viewer3/Vision360.html?d=KG-93158,,,,1600.0,-33.0,1072.0,321.6,,,,,
KG-93212,ROUND,0.300,E,VS2,EX,EX,EX,NON,,,,,4.26 - 4.29 * 2.69,4.26,4.29,2.69,GIA,,6475051958,https://www.gia.edu/report-check?reportno=6475051958,,,,HK,62.90,57.00,MED to STK,MED,STK,3.50,FACETED,NONE,,15.00,35.00,44.00,41.60,,,,Feather  Crystal  Cavity,,,,SB1,TB0,SF2,SC0,,,0.99,,,TF0,,,,,,,  ,,18/07/2023,ONMEMO,YES,YES,NO,,https://pdhk.blob.core.windows.net/pdhk/www/viewer3/RealImages/KG-93212.jpg,https://pdhk.blob.core.windows.net/pdhk/www/viewer3/Vision360.html?d=KG-93212,,,,2000.0,-32.0,1360.0,408.0,,,,,
KG-93218,ROUND,0.300,I,VS2,EX,EX,EX,NON,,,,,4.31 - 4.32 * 2.67,4.31,4.32,2.67,GIA,,1479051766,https://www.gia.edu/report-check?reportno=1479051766,,,,HK,61.80,59.00,MED to STK,MED,STK,4.00,FACETED,NONE,,14.50,35.00,43.50,41.20,,,,Feather  Crystal,,,,SB0,TB0,SF2,SC0,,,1,,,TF2,,,,,,,  ,,18/07/2023,ONMEMO,YES,YES,NO,,https://pdhk.blob.core.windows.net/pdhk/www/viewer3/RealImages/KG-93218.jpg,https://pdhk.blob.core.windows.net/pdhk/www/viewer3/Vision360.html?d=KG-93218,,,,1600.0,-35.0,1040.0,312.0,,,,,
KG-93258,ROUND,0.300,F,VS2,VG,EX,VG,NON,,,,,4.17 - 4.20 * 2.68,4.17,4.20,2.68,GIA,,5476051398,https://www.gia.edu/report-check?reportno=5476051398,,,,HK,64.00,58.00,STK to THK,STK,THK,5.00,FACETED,NONE,,16.00,37.50,43.00,40.60,,,,Cloud  Feather,,,,SB0,TB0,SF0,SC0,,,0.99,,,TF0,,,,,,,  ,,18/07/2023,ONHOLD,NO,NO,NO,,,,,,,1900.0,-37.0,1197.0,359.1,,,,,
KG-93261,ROUND,0.300,H,SI1,EX,EX,EX,NON,,,,,4.31 - 4.32 * 2.67,4.31,4.32,2.67,GIA,,6472051406,https://www.gia.edu/report-check?reportno=6472051406,,,,HK,61.80,59.00,MED to STK,MED,STK,3.50,FACETED,NONE,,15.00,36.00,43.50,41.00,,,,Crystal,,,,SB2,TB2,SF2,SC0,,,1,,,TF1,,,,,,,  ,,18/07/2023,ONMEMO,YES,YES,NO,,https://pdhk.blob.core.windows.net/pdhk/www/viewer3/RealImages/KG-93261.jpg,https://pdhk.blob.core.windows.net/pdhk/www/viewer3/Vision360.html?d=KG-93261,,,,1500.0,-36.0,960.0,288.0,,,,,
KG-93276,ROUND,0.310,F,VS1,EX,EX,EX,NON,,,,,4.36 - 4.38 * 2.68,4.36,4.38,2.68,GIA,,2476052329,https://www.gia.edu/report-check?reportno=2476052329,,,,HK,61.20,59.00,STK,STK,,4.00,FACETED,NONE,,14.00,34.00,43.00,41.00,,,,Needle  Pinpoint,,,,SB0,TB2,SF0,SC0,,,1,,,TF1,,,,,,,  ,,18/07/2023,AVAILABLE,YES,YES,NO,,https://pdhk.blob.core.windows.net/pdhk/www/viewer3/RealImages/KG-93276.jpg,https://pdhk.blob.core.windows.net/pdhk/www/viewer3/Vision360.html?d=KG-93276,,,,2100.0,-31.0,1449.0,449.19,,,,,
KG-93288,ROUND,0.350,K,VS1,EX,EX,EX,NON,,,,,4.48 - 4.50 * 2.80,4.48,4.50,2.80,GIA,,7478052055,https://www.gia.edu/report-check?reportno=7478052055,,,,HK,62.30,58.00,MED to STK,MED,STK,4.00,FACETED,NONE,,15.00,35.50,43.00,41.00,,,,Feather  Needle  Pinpoint,,,,SB1,TB1,SF0,SC0,,,1,,,TF0,,,,,,,  ,,18/07/2023,AVAILABLE,YES,YES,NO,,https://pdhk.blob.core.windows.net/pdhk/www/viewer3/RealImages/KG-93288.jpg,https://pdhk.blob.core.windows.net/pdhk/www/viewer3/Vision360.html?d=KG-93288,,,,1300.0,-33.0,871.0,304.85,,,,,
KG-93303,ROUND,0.300,I,VS2,EX,EX,EX,NON,,,,,4.31 - 4.33 * 2.68,4.31,4.33,2.68,GIA,,7476051282,https://www.gia.edu/report-check?reportno=7476051282,,,,HK,62.00,56.00,MED to STK,MED,STK,3.50,FACETED,NONE,,16.00,35.50,42.50,40.60,,,,Feather,,,,SB0,TB0,SF0,SC0,,,1,,,TF0,,,,,,,  ,,18/07/2023,ONMEMO,NO,NO,NO,,,,,,,1600.0,-35.0,1040.0,312.0,,,,,
KG-93319,ROUND,0.310,I,VS1,EX,EX,EX,FNT,,,,,4.32 - 4.33 * 2.69,4.32,4.33,2.69,GIA,,5473051831,https://www.gia.edu/report-check?reportno=5473051831,,,,HK,62.20,57.00,MED to STK,MED,STK,4.00,FACETED,NONE,,15.50,35.50,43.00,40.80,,,,Feather  Pinpoint  Cloud,,,,SB0,TB0,SF0,SC0,,,1,,,TF0,,,,,,,  ,,18/07/2023,ONMEMO,YES,YES,NO,,https://pdhk.blob.core.windows.net/pdhk/www/viewer3/RealImages/KG-93319.jpg,https://pdhk.blob.core.windows.net/pdhk/www/viewer3/Vision360.html?d=KG-93319,,,,1700.0,-39.0,1037.0,321.47,,,,,
KG-93325,ROUND,0.300,F,VS1,EX,EX,EX,NON,,,,,4.28 - 4.30 * 2.68,4.28,4.30,2.68,GIA,,5473051353,https://www.gia.edu/report-check?reportno=5473051353,,,,HK,62.40,58.00,THN to STK,THN,STK,3.50,FACETED,NONE,,15.50,36.00,43.50,41.20,,,,Cloud  Crystal  Indented Natural  Pinpoint,,,,SB0,TB2,SF0,SC0,,,1,,,TF0,,,,,,,  ,,18/07/2023,ONHOLD,YES,YES,NO,,https://pdhk.blob.core.windows.net/pdhk/www/viewer3/RealImages/KG-93325.jpg,https://pdhk.blob.core.windows.net/pdhk/www/viewer3/Vision360.html?d=KG-93325,,,,2100.0,-31.0,1449.0,434.7,,,,,
KG-89890,ROUND,0.300,K,SI1,EX,EX,EX,FNT,,,,,4.33 - 4.35 * 2.64,4.33,4.35,2.64,GIA,,1465462447,https://www.gia.edu/report-check?reportno=1465462447,,,,HK,60.70,61.00,THN to STK,THN,STK,3.50,FACETED,NONE,,13.50,34.50,44.00,41.40,,,,Crystal,,,,SB0,TB0,SF0,SC0,,,1,,,TF0,,,,,,,  ,,31/07/2023,ONHOLD,YES,YES,NO,,https://pdhk.blob.core.windows.net/pdhk/www/viewer3/RealImages/KG-89890.jpg,https://pdhk.blob.core.windows.net/pdhk/www/viewer3/Vision360.html?d=KG-89890,,,,1100.0,-37.0,693.0,207.9,,,,,
KG-90431,ROUND,0.300,D,VS2,EX,EX,EX,FNT,,,,,4.38 - 4.39 * 2.61,4.38,4.39,2.61,GIA,,6465638026,https://www.gia.edu/report-check?reportno=6465638026,,,,HK,59.50,59.00,MED to STK,MED,STK,3.50,FACETED,NONE,,13.50,33.00,43.00,40.80,,,,Crystal  Feather,,,,SB0,TB1,SF1,SC0,,,1,,,TF0,,,,,,,  ,,31/07/2023,ONHOLD,YES,YES,NO,,https://pdhk.blob.core.windows.net/pdhk/www/viewer3/RealImages/KG-90431.jpg,https://pdhk.blob.core.windows.net/pdhk/www/viewer3/Vision360.html?d=KG-90431,,,,2100.0,-31.0,1449.0,434.7,,,,,
KG-92489,ROUND,0.300,J,VS2,EX,EX,EX,FNT,,,,,4.28 - 4.30 * 2.67,4.28,4.30,2.67,GIA,,1465945862,https://www.gia.edu/report-check?reportno=1465945862,,,,HK,62.10,56.00,MED to STK,MED,STK,4.00,FACETED,NONE,,15.50,34.50,42.50,40.60,,,,Cavity  Cloud,,,,SB0,TB0,SF0,SC0,,,1,,,TF2,,,,,,,  ,,31/07/2023,ONHOLD,YES,YES,NO,,https://pdhk.blob.core.windows.net/pdhk/www/viewer3/RealImages/KG-92489.jpg,https://pdhk.blob.core.windows.net/pdhk/www/viewer3/Vision360.html?d=KG-92489,,,,1400.0,-39.0,854.0,256.2,,,,,
KG-92626,ROUND,0.300,D,VS2,EX,EX,EX,FNT,,,,,4.26 - 4.28 * 2.69,4.26,4.28,2.69,GIA,,5466980339,https://www.gia.edu/report-check?reportno=5466980339,,,,HK,62.90,56.00,MED to STK,MED,STK,3.50,FACETED,NONE,,16.00,36.00,43.50,41.00,,,,Crystal  Feather  Cavity,,,,SB0,TB2,SF0,SC0,,,1,,,TF1,,,,,,,  ,,31/07/2023,ONHOLD,YES,YES,NO,,https://pdhk.blob.core.windows.net/pdhk/www/viewer3/RealImages/KG-92626.jpg,https://pdhk.blob.core.windows.net/pdhk/www/viewer3/Vision360.html?d=KG-92626,,,,2100.0,-31.0,1449.0,434.7,,,,,
KG-92681,ROUND,0.300,L,VVS2,EX,EX,EX,NON,,,,,4.26 - 4.28 * 2.68,4.26,4.28,2.68,GIA,,6462981055,https://www.gia.edu/report-check?reportno=6462981055,,,,HK,62.70,56.00,MED to STK,MED,STK,3.50,FACETED,NONE,,16.00,36.50,43.00,40.80,,,,Pinpoint  Needle,,,,SB0,TB1,SF0,SC0,,,1,,,TF0,,,,,,,  ,,31/07/2023,ONHOLD,YES,YES,NO,,https://pdhk.blob.core.windows.net/pdhk/www/viewer3/RealImages/KG-92681.jpg,https://pdhk.blob.core.windows.net/pdhk/www/viewer3/Vision360.html?d=KG-92681,,,,1200.0,-39.0,732.0,219.6,,,,,
KG-93061,ROUND,0.300,E,VS2,EX,EX,EX,FNT,,,,,4.26 - 4.28 * 2.69,4.26,4.28,2.69,GIA,,6475050849,https://www.gia.edu/report-check?reportno=6475050849,,,,HK,62.90,56.00,MED to STK,MED,STK,3.50,FACETED,NONE,,16.00,36.50,43.00,41.00,,,,Feather  Crystal,,,,SB0,TB0,SF2,SC0,,,1,,,TF0,,,,,,,  ,,31/07/2023,ONHOLD,YES,YES,NO,,https://pdhk.blob.core.windows.net/pdhk/www/viewer3/RealImages/KG-93061.jpg,https://pdhk.blob.core.windows.net/pdhk/www/viewer3/Vision360.html?d=KG-93061,,,,2000.0,-38.0,1240.0,372.0,,,,,
KG-93141,ROUND,0.300,J,VS2,EX,EX,EX,NON,,,,,4.25 - 4.27 * 2.68,4.25,4.27,2.68,GIA,,7471075858,https://www.gia.edu/report-check?reportno=7471075858,,,,HK,63.00,56.00,MED to STK,MED,STK,3.50,FACETED,NONE,,16.00,36.50,43.00,41.00,,,,Crystal  Feather  Indented Natural,,,,SB0,TB2,SF0,SC0,,,1,,,TF0,,,,,,,  ,,31/07/2023,ONHOLD,YES,YES,NO,,https://pdhk.blob.core.windows.net/pdhk/www/viewer3/RealImages/KG-93141.jpg,https://pdhk.blob.core.windows.net/pdhk/www/viewer3/Vision360.html?d=KG-93141,,,,1400.0,-35.0,910.0,273.0,,,,,
KG-93167,ROUND,0.300,G,VS1,EX,EX,EX,NON,,,,,4.28 - 4.30 * 2.67,4.28,4.30,2.67,GIA,,1475075746,https://www.gia.edu/report-check?reportno=1475075746,,,,HK,62.20,59.00,MED to STK,MED,STK,4.00,FACETED,NONE,,14.50,35.00,44.00,41.40,,,,Cloud  Needle  Pinpoint,,,,SB0,TB1,SF0,SC0,,,1,,,TF1,,,,,,,  ,,31/07/2023,ONHOLD,YES,YES,NO,,https://pdhk.blob.core.windows.net/pdhk/www/viewer3/RealImages/KG-93167.jpg,https://pdhk.blob.core.windows.net/pdhk/www/viewer3/Vision360.html?d=KG-93167,,,,2000.0,-25.0,1500.0,450.0,,,,,
KG-93360,ROUND,0.310,E,VS2,EX,EX,EX,NON,,,,,4.38 - 4.40 * 2.65,4.38,4.40,2.65,GIA,,6471075849,https://www.gia.edu/report-check?reportno=6471075849,,,,HK,60.40,59.00,STK,STK,,4.00,FACETED,NONE,,13.50,33.00,43.00,40.80,,,,Cloud  Crystal,,,,SB0,TB0,SF2,SC1,,,1,,,TF0,,,,,,,  ,,31/07/2023,ONHOLD,YES,YES,NO,,https://pdhk.blob.core.windows.net/pdhk/www/viewer3/RealImages/KG-93360.jpg,https://pdhk.blob.core.windows.net/pdhk/www/viewer3/Vision360.html?d=KG-93360,,,,2000.0,-32.0,1360.0,421.6,,,,,
KG-93375,ROUND,0.300,E,VS2,EX,EX,EX,NON,,,,,4.33 - 4.35 * 2.61,4.33,4.35,2.61,GIA,,2477075627,https://www.gia.edu/report-check?reportno=2477075627,,,,HK,60.20,58.00,MED to STK,MED,STK,3.50,FACETED,NONE,,14.00,34.00,42.50,40.60,,,,Cloud,,,,SB0,TB0,SF0,SC0,,,1,,,TF2,,,,,,,  ,,31/07/2023,ONHOLD,YES,YES,NO,,https://pdhk.blob.core.windows.net/pdhk/www/viewer3/RealImages/KG-93375.jpg,https://pdhk.blob.core.windows.net/pdhk/www/viewer3/Vision360.html?d=KG-93375,,,,2000.0,-32.0,1360.0,408.0,,,,,
KG-93419,ROUND,0.340,H,SI1,EX,EX,EX,NON,,,,,4.43 - 4.45 * 2.78,4.43,4.45,2.78,GIA,,1478075622,https://www.gia.edu/report-check?reportno=1478075622,,,,HK,62.50,58.00,MED to STK,MED,STK,4.00,FACETED,NONE,,15.00,35.50,43.50,41.00,,,,Crystal  Cloud  Feather,,,,SB2,TB2,SF0,SC0,,,1,,,TF0,,,,,,,  ,,31/07/2023,ONHOLD,YES,YES,NO,,https://pdhk.blob.core.windows.net/pdhk/www/viewer3/RealImages/KG-93419.jpg,https://pdhk.blob.core.windows.net/pdhk/www/viewer3/Vision360.html?d=KG-93419,,,,1500.0,-33.0,1005.0,341.7,,,,,
KG-93433,ROUND,0.300,E,VS2,EX,EX,EX,NON,,,,,4.31 - 4.33 * 2.61,4.31,4.33,2.61,GIA,,6472075311,https://www.gia.edu/report-check?reportno=6472075311,,,,HK,60.50,60.00,MED to STK,MED,STK,4.00,FACETED,NONE,,13.50,34.00,43.00,40.80,,,,Crystal  Feather  Cloud,,,,SB2,TB2,SF0,SC0,,,1,,,TF2,,,,,,,  ,,31/07/2023,ONHOLD,YES,YES,NO,,https://pdhk.blob.core.windows.net/pdhk/www/viewer3/RealImages/KG-93433.jpg,https://pdhk.blob.core.windows.net/pdhk/www/viewer3/Vision360.html?d=KG-93433,,,,2000.0,-32.0,1360.0,408.0,,,,,
KG-93444,ROUND,0.300,G,SI1,EX,EX,EX,NON,,,,,4.37 - 4.38 * 2.59,4.37,4.38,2.59,GIA,,7478076182,https://www.gia.edu/report-check?reportno=7478076182,,,,HK,59.20,60.00,MED to STK,MED,STK,3.50,FACETED,NONE,,13.00,33.00,43.00,40.80,,,,Cloud  Crystal,,,,SB0,TB2,SF0,SC0,,,1,,,TF2,,,,,,,  ,,31/07/2023,ONHOLD,YES,YES,NO,,https://pdhk.blob.core.windows.net/pdhk/www/viewer3/RealImages/KG-93444.jpg,https://pdhk.blob.core.windows.net/pdhk/www/viewer3/Vision360.html?d=KG-93444,,,,1600.0,-33.0,1072.0,321.6,,,,,
KG-93447,ROUND,0.320,K,VS2,EX,EX,EX,NON,,,,,4.35 - 4.38 * 2.71,4.35,4.38,2.71,GIA,,1477076099,https://www.gia.edu/report-check?reportno=1477076099,,,,HK,62.10,60.00,MED to STK,MED,STK,4.00,FACETED,NONE,,14.50,35.50,43.50,41.20,,,,Crystal  Feather,,,,SB2,TB2,SF0,SC1,,,0.99,,,TF0,,,,,,,  ,,31/07/2023,ONHOLD,YES,YES,NO,,https://pdhk.blob.core.windows.net/pdhk/www/viewer3/RealImages/KG-93447.jpg,https://pdhk.blob.core.windows.net/pdhk/www/viewer3/Vision360.html?d=KG-93447,,,,1200.0,-36.0,768.0,245.76,,,,,
KG-93457,ROUND,0.330,G,VS1,EX,EX,EX,NON,,,,,4.41 - 4.43 * 2.77,4.41,4.43,2.77,GIA,,2476078836,https://www.gia.edu/report-check?reportno=2476078836,,,,HK,62.80,58.00,MED to STK,MED,STK,4.00,FACETED,NONE,,14.50,34.00,44.50,41.80,,,,Cloud  Crystal,,,,SB0,TB1,SF0,SC0,,,1,,,TF1,,,,,,,  ,,31/07/2023,ONHOLD,YES,YES,NO,,https://pdhk.blob.core.windows.net/pdhk/www/viewer3/RealImages/KG-93457.jpg,https://pdhk.blob.core.windows.net/pdhk/www/viewer3/Vision360.html?d=KG-93457,,,,2000.0,-26.0,1480.0,488.4,,,,,
KG-93479,ROUND,0.310,F,SI1,EX,EX,EX,FNT,,,,,4.34 - 4.35 * 2.70,4.34,4.35,2.70,GIA,,6475077637,https://www.gia.edu/report-check?reportno=6475077637,,,,HK,62.10,58.00,MED to STK,MED,STK,4.00,FACETED,NONE,,15.00,35.00,43.50,41.00,,,,Cloud  Crystal,,,,SB2,TB2,SF0,SC0,,,1,,,TF2,,,,,,,  ,,31/07/2023,ONHOLD,YES,YES,NO,,https://pdhk.blob.core.windows.net/pdhk/www/viewer3/RealImages/KG-93479.jpg,https://pdhk.blob.core.windows.net/pdhk/www/viewer3/Vision360.html?d=KG-93479,,,,1700.0,-40.0,1020.0,316.2,,,,,
KG-93500,ROUND,0.300,H,VS1,EX,EX,VG,NON,,,,,4.26 - 4.27 * 2.68,4.26,4.27,2.68,GIA,,1475078845,https://www.gia.edu/report-check?reportno=1475078845,,,,HK,62.90,56.00,THN to STK,THN,STK,3.50,FACETED,NONE,,16.00,36.50,43.00,40.80,,,,Crystal  Indented Natural  Feather  Needle,,,,SB2,TB1,SF0,SC0,,,1,,,TF0,,,,,,,  ,,31/07/2023,ONHOLD,YES,YES,NO,,https://pdhk.blob.core.windows.net/pdhk/www/viewer3/RealImages/KG-93500.jpg,https://pdhk.blob.core.windows.net/pdhk/www/viewer3/Vision360.html?d=KG-93500,,,,1900.0,-33.0,1273.0,381.9,,,,,
KG-93505,ROUND,0.330,H,VS1,EX,EX,EX,NON,,,,,4.40 - 4.41 * 2.76,4.40,4.41,2.76,GIA,,6475078919,https://www.gia.edu/report-check?reportno=6475078919,,,,HK,62.70,56.00,THN to STK,THN,STK,3.50,FACETED,NONE,,16.00,36.50,43.00,41.00,,,,Cloud  Pinpoint,,,,SB0,TB0,SF0,SC0,,,1,,,TF1,,,,,,,  ,,31/07/2023,ONHOLD,YES,YES,NO,,https://pdhk.blob.core.windows.net/pdhk/www/viewer3/RealImages/KG-93505.jpg,https://pdhk.blob.core.windows.net/pdhk/www/viewer3/Vision360.html?d=KG-93505,,,,1900.0,-26.0,1406.0,463.98,,,,,
KG-93514,ROUND,0.340,E,VS2,EX,EX,EX,NON,,,,,4.43 - 4.46 * 2.80,4.43,4.46,2.80,GIA,,2477075260,https://www.gia.edu/report-check?reportno=2477075260,,,,HK,63.00,56.00,MED to STK,MED,STK,3.50,FACETED,NONE,,16.00,36.00,43.50,41.20,,,,Cloud  Crystal,,,,SB0,TB0,SF0,SC0,,,0.99,,,TF2,,,,,,,  ,,31/07/2023,ONHOLD,YES,YES,NO,,https://pdhk.blob.core.windows.net/pdhk/www/viewer3/RealImages/KG-93514.jpg,https://pdhk.blob.core.windows.net/pdhk/www/viewer3/Vision360.html?d=KG-93514,,,,2000.0,-33.0,1340.0,455.6,,,,,
KG-93519,ROUND,0.300,E,VS2,EX,EX,EX,NON,,,,,4.28 - 4.29 * 2.68,4.28,4.29,2.68,GIA,,1475075568,https://www.gia.edu/report-check?reportno=1475075568,,,,HK,62.60,56.00,THN to MED,THN,MED,3.50,FACETED,NONE,,16.00,36.50,43.00,40.80,,,,Crystal  Needle,,,,SB2,TB2,SF1,SC0,,,1,,,TF1,,,,,,,  ,,31/07/2023,ONHOLD,YES,YES,NO,,https://pdhk.blob.core.windows.net/pdhk/www/viewer3/RealImages/KG-93519.jpg,https://pdhk.blob.core.windows.net/pdhk/www/viewer3/Vision360.html?d=KG-93519,,,,2000.0,-32.0,1360.0,408.0,,,,,
KG-93522,ROUND,0.300,G,VS1,EX,EX,EX,NON,,,,,4.25 - 4.27 * 2.69,4.25,4.27,2.69,GIA,,2476075720,https://www.gia.edu/report-check?reportno=2476075720,,,,HK,63.10,56.00,MED to STK,MED,STK,3.50,FACETED,NONE,,16.00,36.50,43.50,41.00,,,,Cloud  Indented Natural,,,,SB0,TB0,SF1,SC0,,,1,,,TF0,,,,,,,  ,,31/07/2023,ONHOLD,YES,YES,NO,,https://pdhk.blob.core.windows.net/pdhk/www/viewer3/RealImages/KG-93522.jpg,https://pdhk.blob.core.windows.net/pdhk/www/viewer3/Vision360.html?d=KG-93522,,,,2000.0,-25.0,1500.0,450.0,,,,,
KG-93526,ROUND,0.310,E,VS2,EX,EX,EX,NON,,,,,4.36 - 4.37 * 2.71,4.36,4.37,2.71,GIA,,6472075723,https://www.gia.edu/report-check?reportno=6472075723,,,,HK,62.00,57.00,MED,MED,,3.50,FACETED,NONE,,15.00,34.50,44.00,41.40,,,,Cloud  Crystal,,,,SB0,TB2,SF0,SC0,,,1,,,TF0,,,,,,,  ,,31/07/2023,ONHOLD,YES,YES,NO,,https://pdhk.blob.core.windows.net/pdhk/www/viewer3/RealImages/KG-93526.jpg,https://pdhk.blob.core.windows.net/pdhk/www/viewer3/Vision360.html?d=KG-93526,,,,2000.0,-32.0,1360.0,421.6,,,,,
KG-93544,ROUND,0.300,E,VS2,EX,EX,EX,NON,,,,,4.25 - 4.28 * 2.67,4.25,4.28,2.67,GIA,,2476075652,https://www.gia.edu/report-check?reportno=2476075652,,,,HK,62.50,58.00,MED to STK,MED,STK,4.00,FACETED,NONE,,15.00,35.50,43.50,41.00,,,,Crystal  Feather  Cloud,,,,SB0,TB2,SF0,SC0,,,0.99,,,TF1,,,,,,,  ,,31/07/2023,ONHOLD,YES,YES,NO,,https://pdhk.blob.core.windows.net/pdhk/www/viewer3/RealImages/KG-93544.jpg,https://pdhk.blob.core.windows.net/pdhk/www/viewer3/Vision360.html?d=KG-93544,,,,2000.0,-32.0,1360.0,408.0,,,,,
